<?xml version="1.0" encoding="UTF-8" ?>
<!DOCTYPE mapper
        PUBLIC "-//mybatis.org//DTD Mapper 3.0//EN"
        "http://mybatis.org/dtd/mybatis-3-mapper.dtd">
<mapper namespace="com.anran.mapper.EmployeeMapper">

    <resultMap id="empMap" type="employee">
        <id column="emp_id" property="empId"></id>
        <result column="emp_name" property="empName"></result>
        <result column="gender" property="gender"></result>
        <result column="email" property="email"></result>
        <result column="phone" property="phone"></result>
        <result column="hire_Date" property="hireDate"></result>
        <association property="department" javaType="department">
            <id column="dept_id" property="deptId"></id>
            <result column="dept_name" property="deptName"></result>
        </association>
    </resultMap>
<!--根据用户id查询员工信息-->
    <select id="getEmployeeByEmpId" resultMap="empMap" parameterType="int">
        select * from employee e,department d where e.dept_id=d.dept_id and e.emp_id=#{empId}
    </select>


    <resultMap id="empMap_" type="employee">
        <id column="emp_id" property="empId"></id>
        <result column="emp_name" property="empName"></result>
        <result column="gender" property="gender"></result>
        <result column="email" property="email"></result>
        <result column="phone" property="phone"></result>
        <result column="hire_date" property="hireDate"></result>
        <association property="department" column="dept_id" javaType="department" select="com.anran.mapper.DepartmentMapper.getDepartmentByDeptId"></association>
    </resultMap>
    <!--查询全部-->
    <select id="getEmployeeList" resultMap="empMap_">
        SELECT * FROM employee e,department d where e.dept_id=d.dept_id
    </select>

    <!--添加用户-->
    <insert id="addEmployee" parameterType="employee" useGeneratedKeys="true" keyProperty="empId">
        INSERT into employee
        (emp_name,gender,email,phone,hire_date,dept_id)
        VALUES
        (#{empName},#{gender},#{email},#{phone},#{hireDate},#{department.deptId})
    </insert>

    <!--删除员工-->
    <delete id="deleteEmployeeByEmpId" parameterType="int" >
        DELETE FROM employee WHERE emp_id=#{empId}
    </delete>

    <!--更新员工-->
    <update id="updateEmployee" parameterType="employee">
        UPDATE employee
        <set>
            <if test="empName!=null">emp_name=#{empName},</if>
            <if test="gender!=null">gender=#{gender},</if>
            <if test="email!=null">email=#{email},</if>
            <if test="phone!=null">phone=#{phone},</if>
            <if test="hireDate!=null">hire_date=#{hireDate},</if>
            <if test="department!=null and department.deptId!=null">dept_id=#{department.deptId}</if>
        </set>
        <where>
            emp_id=#{empId}
        </where>
    </update>
    <!--条件搜索-emp_name-->
    <select id="AsearchQuery"  resultType="employee"  parameterType="java.lang.String">
         SELECT * FROM employee where emp_name like #{emp_name};
    </select>
</mapper>